Datetime,Water Level (m)
2025-09-27 06:00:00,0.9308102
2025-09-27 07:00:00,0.75274056
2025-09-27 08:00:00,0.41911098
2025-09-27 09:00:00,0.0007036058
2025-09-27 10:00:00,-0.36024603
2025-09-27 11:00:00,-0.5564621
2025-09-27 12:00:00,-0.5213383
2025-09-27 13:00:00,-0.27468398
2025-09-27 14:00:00,0.119939975
2025-09-27 15:00:00,0.53671026
2025-09-27 16:00:00,0.87457657
2025-09-27 17:00:00,1.0800139
2025-09-27 18:00:00,1.1225438
2025-09-27 19:00:00,0.986898
2025-09-27 20:00:00,0.6921649
2025-09-27 21:00:00,0.34866416
2025-09-27 22:00:00,0.052872293
2025-09-27 23:00:00,-0.17900121
2025-09-28 00:00:00,-0.28621897
2025-09-28 01:00:00,-0.22603749
2025-09-28 02:00:00,-0.007571581
2025-09-28 03:00:00,0.29471236
2025-09-28 04:00:00,0.57773393
2025-09-28 05:00:00,0.78415585
2025-09-28 06:00:00,0.839976
2025-09-28 07:00:00,0.7217386
2025-09-28 08:00:00,0.474225
2025-09-28 09:00:00,0.16573942
2025-09-28 10:00:00,-0.106270194
2025-09-28 11:00:00,-0.29327944
2025-09-28 12:00:00,-0.3730276
2025-09-28 13:00:00,-0.30854088
2025-09-28 14:00:00,-0.09519016
2025-09-28 15:00:00,0.23103578
2025-09-28 16:00:00,0.55718905
2025-09-28 17:00:00,0.8078601
2025-09-28 18:00:00,0.9424843
2025-09-28 19:00:00,0.9567791
2025-09-28 20:00:00,0.82192266
2025-09-28 21:00:00,0.5629638
2025-09-28 22:00:00,0.28347436
2025-09-28 23:00:00,0.07337057
2025-09-29 00:00:00,-0.048299473
2025-09-29 01:00:00,-0.08174511
2025-09-29 02:00:00,-0.032122605
2025-09-29 03:00:00,0.12933752
2025-09-29 04:00:00,0.33515888
2025-09-29 05:00:00,0.50656873
2025-09-29 06:00:00,0.60819745
2025-09-29 07:00:00,0.63300246
2025-09-29 08:00:00,0.5632075
2025-09-29 09:00:00,0.38655725
2025-09-29 10:00:00,0.16377763
2025-09-29 11:00:00,-0.012230135
2025-09-29 12:00:00,-0.13212515
2025-09-29 13:00:00,-0.18780431
2025-09-29 14:00:00,-0.120220006
2025-09-29 15:00:00,0.08005077
2025-09-29 16:00:00,0.34212145
2025-09-29 17:00:00,0.56278104
2025-09-29 18:00:00,0.6916276
2025-09-29 19:00:00,0.75997794
2025-09-29 20:00:00,0.7841651
2025-09-29 21:00:00,0.7247676
2025-09-29 22:00:00,0.5760352
2025-09-29 23:00:00,0.4053478
2025-09-30 00:00:00,0.26212984
2025-09-30 01:00:00,0.12461959
2025-09-30 02:00:00,0.020136341
2025-09-30 03:00:00,0.026401605
2025-09-30 04:00:00,0.13417953
2025-09-30 05:00:00,0.2548921
2025-09-30 06:00:00,0.35787883
2025-09-30 07:00:00,0.4504218
2025-09-30 08:00:00,0.5004352
2025-09-30 09:00:00,0.46261314
2025-09-30 10:00:00,0.3646703
2025-09-30 11:00:00,0.24682945
2025-09-30 12:00:00,0.1420308
2025-09-30 13:00:00,0.051114563
2025-09-30 14:00:00,-0.026041558
2025-09-30 15:00:00,-0.04293319
2025-09-30 16:00:00,0.05523457
2025-09-30 17:00:00,0.21735148
2025-09-30 18:00:00,0.37302563
2025-09-30 19:00:00,0.52301943
2025-09-30 20:00:00,0.6813193
2025-09-30 21:00:00,0.7789207
2025-09-30 22:00:00,0.758056
2025-09-30 23:00:00,0.66178334
2025-10-01 00:00:00,0.5563226
2025-10-01 01:00:00,0.41388592
2025-10-01 02:00:00,0.23014052
2025-10-01 03:00:00,0.0815381
2025-10-01 04:00:00,0.02328751
2025-10-01 05:00:00,0.04112375
2025-10-01 06:00:00,0.0986041
2025-10-01 07:00:00,0.19583146
2025-10-01 08:00:00,0.3605974
2025-10-01 09:00:00,0.5095853
2025-10-01 10:00:00,0.5688683
2025-10-01 11:00:00,0.5374826
2025-10-01 12:00:00,0.46050304
2025-10-01 13:00:00,0.35877758
2025-10-01 14:00:00,0.22377585
2025-10-01 15:00:00,0.06820728
2025-10-01 16:00:00,-0.023087684
2025-10-01 17:00:00,0.007090995
2025-10-01 18:00:00,0.117205374
2025-10-01 19:00:00,0.2775715
2025-10-01 20:00:00,0.4960877
2025-10-01 21:00:00,0.7432867
2025-10-01 22:00:00,0.91411364
2025-10-01 23:00:00,0.9626821
2025-10-02 00:00:00,0.9272313
2025-10-02 01:00:00,0.8109243
2025-10-02 02:00:00,0.59281826
2025-10-02 03:00:00,0.29780594
2025-10-02 04:00:00,0.04764714
2025-10-02 05:00:00,-0.072645314
2025-10-02 06:00:00,-0.06318923
2025-10-02 07:00:00,0.051586814
2025-10-02 08:00:00,0.2582305
2025-10-02 09:00:00,0.4979519
2025-10-02 10:00:00,0.7273237
2025-10-02 11:00:00,0.85104704
2025-10-02 12:00:00,0.8278902
2025-10-02 13:00:00,0.75332737
2025-10-02 14:00:00,0.6089207
2025-10-02 15:00:00,0.3700676
2025-10-02 16:00:00,0.10063019
2025-10-02 17:00:00,-0.11392094
2025-10-02 18:00:00,-0.12376364
2025-10-02 19:00:00,0.0038371913
2025-10-02 20:00:00,0.26056817
2025-10-02 21:00:00,0.5517796
2025-10-02 22:00:00,0.88334626
2025-10-02 23:00:00,1.1666815
2025-10-03 00:00:00,1.2320093
2025-10-03 01:00:00,1.1219134
2025-10-03 02:00:00,0.91372126
2025-10-03 03:00:00,0.60495937
2025-10-03 04:00:00,0.20284647
2025-10-03 05:00:00,-0.150355
2025-10-03 06:00:00,-0.31565252
